trade_date,ic_winner_rate,ic_chips_peak,ic_net_main,ic_pct_chg,sample_size
20260105,,,0.012768165214388184,0.07792615471011043,1650
20260106,,,-0.013721346828617823,-0.056715851441767516,1651
20260107,,,0.012374966059502565,-0.010656862245982652,1652
20260108,,,-0.018246505462274073,-0.18603581910173955,1652
20260109,,,0.006208647034821142,-0.1047372171412389,1652
20260112,,,0.016567757270844738,-0.13951325822615995,1653
20260113,,,0.005090987809425402,0.26196050932794657,1650
20260114,,,0.011842115703133232,0.09092113593486827,1651
20260115,,,-0.004983065298677223,-0.14839657373972498,1652
20260116,,,0.023191922257150867,-0.047994332286400376,1652
20260119,,,0.03380911239720013,0.10753099721091817,1653
20260120,,,-0.04844867779843497,-0.1118148992505211,1654
20260121,,,0.010448168127620252,-0.05080125140382015,1653
20260122,,,0.016152639670598577,0.06425630913397297,1653
20260123,,,0.0060792614755482205,-0.21016201428316503,1654
20260126,,,-0.0015597752863447216,-0.1335552031019572,1652
20260127,,,0.0437974402690333,0.12891555177912062,1653
20260128,,,-0.0004189503952088385,0.12733166876703886,1653
20260129,,,-0.0015966775149738822,0.215275656750291,1653
20260130,,,0.009040899816205079,0.11524017429923708,1653
20260202,,,0.005070230819821164,-0.06795045658468579,1652
20260203,,,-0.009810362900167902,-0.05940320549393774,1652
20260204,,,-0.02619680907528359,0.11377770687123974,1653
20260205,,,-0.011608291553561145,-0.3477235662705183,1653
20260206,,,-0.04076247702247672,-0.039622187670721155,1653
20260209,,,0.015506174737420086,0.015539702747528769,1655
20260210,,,-0.004205057733180264,-0.2082101017314241,1656
20260211,,,-0.012436325271962829,0.07801529763916931,1656
20260212,,,-0.02845361302746962,0.02170380975294496,1656
20260213,,,0.012949344163778537,-0.2777214699487883,1655
20260224,,,0.014417751441135152,-0.01255866605422784,1654
20260225,,,0.056558936092996705,0.04321451888526562,1652
20260226,,,0.05934735158972309,0.12611085615422812,1651
20260227,,,-0.04376951416340371,-0.036484875998646915,1651
20260302,,,0.010623295350574729,0.03814281436561654,1650
20260303,,,0.024124494834280325,-0.313698958167681,1651
20260304,,,0.010387905972390149,-0.0667148337972583,1651
20260305,,,-0.008686539967899861,-0.15991637206111053,1651
20260306,,,0.019251875487009105,0.11527602699630436,1651
20260309,,,-0.03404813757342428,-0.06301796320296049,1653
20260310,,,0.02156571983916742,-0.15631698940827732,1653
20260311,,,0.02598035916160308,-0.2336637475341627,1654
20260312,,,-0.021663870941332673,0.3054966813352673,1654
20260313,,,-0.004886483838062001,0.10246806087542891,1654
20260316,,,0.0260186019095621,-0.17471795641219964,1655
20260317,,,-0.020537865061639266,-0.12370527077359107,1655
20260318,,,-0.01064753418557513,0.1400426854421662,1655
20260319,,,-0.022140449445850377,0.18207128181172072,1654
20260320,,,0.046003786473491015,-0.22586018346818718,1653
20260323,,,-0.008155012690477212,-0.17048343540337108,1653
20260324,,,0.008697647444781128,-0.048001343433907454,1653
20260325,,,-0.00634452393682419,-0.047004803294170096,1653
20260326,,,0.0015694491952620451,0.3137839047218466,1652
20260327,,,0.0028038931690759846,-0.11411648226684647,1652
20260330,,,-0.01723563116490929,0.07949137073754312,1650
20260331,,,-0.008348254161596222,-0.06097420312638498,1650
20260401,,,0.014250787616793931,0.06806975787121686,1650
20260402,,,-0.015989855848655147,-0.16639218169149605,1650
20260403,,,0.007515786613871667,-0.15211886706084088,1650
20260407,,,-0.05854710830293959,-0.19053025019405156,1650
20260408,,,0.007085105240849112,-0.0824832091873098,1652
20260409,,,-0.0625831753051595,0.001363805709891231,1653
20260410,,,-0.00903499042430593,0.07210353662484095,1654
20260413,,,-0.04946051160540179,0.0074886956705743106,1654
20260414,,,0.010045246119281814,-0.09693233269190062,1655
20260415,,,-0.009170944413476606,-0.022819017155718383,1655
20260416,,,0.02484314108444568,-0.14579407770825836,1655
20260417,,,-0.010552404414357019,-0.09126568226515168,1653
20260420,,,0.005329885782545889,0.0660724993477232,1653
20260421,,,0.023378528536501447,0.16030736227447992,1654
20260422,,,0.0050425590202538085,-0.05635387394820505,1653
20260423,,,0.051246226380481534,-0.08319159638906053,1651
20260424,,,-0.028262377041821357,-0.09379169319416328,1650
20260427,,,-0.030520562758477712,0.02997222705182946,1649
20260428,,,-0.03309267191604003,-0.16192699050898438,1646
20260429,,,-0.026062223980251563,0.04109624817747773,1639
20260430,,,-0.008652517875387317,-0.0604759903397831,1633
20260506,,,0.02910867245509099,0.2138724563416436,1647
20260507,,,0.017668603768807817,-0.14446888333581467,1648
20260508,,,0.024117493522896247,0.06186600312572834,1648
20260511,,,0.004024904593646858,0.05088834082288347,1647
20260512,,,-0.03030762756507784,0.05992416262370241,1648
20260513,,,-0.036800109446437294,0.001953680038708829,1649
20260514,,,-0.01572850401025115,0.10130377445729427,1649
20260515,,,-0.016706403772213527,-0.06670948604181548,1649
20260518,,,0.036344742767560244,0.049126690133219304,1650
20260519,,,0.02811619016568967,-0.050620865119283556,1648
20260520,,,-0.005548642662912141,0.04163728761301275,5498
20260521,,,0.005737911713506091,-0.31132897569666573,5501
20260522,,,-0.022206368094951273,-0.3799368763806779,5504
20260525,,,-0.04237421138197441,-0.20554157130331377,5504
20260526,,,0.030916739059579226,0.06000847549948818,5505
20260527,,,0.023427102443273114,-0.02957971419069649,5507
20260528,,,0.021715853728666926,0.07712928231355048,5507
20260529,,,-0.01603284341687057,-0.06571845467316038,5507
20260601,,,0.0030215761270662674,0.21222493406704843,5509
20260602,,,-0.01426177534908491,0.0934646700461614,5508
20260603,,,-0.004105395276441147,-0.04912036759640527,5512
20260604,,,0.008068659862001743,0.07165938224952334,5512
20260605,,,-0.015346635060995449,-0.0024640952055524873,5515
20260608,,,0.008347729184188737,-0.27090261968591806,5516
20260609,,,0.009151695721266473,0.2616640201517394,5516
20260610,,,0.03215090278433275,-0.00987143177906651,5513
20260611,,,-0.008514092762360027,0.00854736088811466,5512
20260612,,,0.009185048239093333,0.11718785066005838,5513
20260615,,,0.005669332106706506,-0.29404460956439005,5509
20260616,,,0.039856031691421226,0.13435363872072964,5514
20260617,,,0.0011668061985175499,0.16999292414286876,5510
20260618,,,,,5508
20260622,,,,,5511
20260623,,,,,5514
20260624,,,,,5513
20260625,,,,,5512
